<?xml version="1.0" encoding="UTF-8" ?>
<databaseChangeLog xmlns="http://www.liquibase.org/xml/ns/dbchangelog"
                   xmlns:xsi="http://www.w3.org/2001/XMLSchema-instance"
                   xsi:schemaLocation="http://www.liquibase.org/xml/ns/dbchangelog
                   http://www.liquibase.org/xml/ns/dbchangelog/dbchangelog-4.3.xsd">

    <changeSet id="1" author="hiziane">
        <preConditions onFail="MARK_RAN" onFailMessage="Já existe a tabela PROPRIETARIO">
            <not>
                <tableExists tableName="PROPRIETARIO"/>
            </not>
        </preConditions>
        <createTable tableName="PROPRIETARIO">
            <column name="Id" type="int">
                <constraints nullable="false" primaryKey="true" primaryKeyName="PK_PROPRIETARIO"/>
            </column>
            <column name="nome" type="VARCHAR(255)">
                <constraints nullable="false"/>
            </column>
        </createTable>

    <addAutoIncrement tableName="PROPRIETARIO"
                      columnName="Id"
                      columnDataType="int"
                      incrementBy="1"
                      startWith="1"/>
    </changeSet>

    <changeSet id="2" author="hiziane">
        <preConditions onFail="MARK_RAN" onFailMessage="Já existe a tabela MATRIZ">
            <not>
                <tableExists tableName="MATRIZ"/>
            </not>
        </preConditions>
        <createTable tableName="MATRIZ">
            <column name="Id" type="int">
                <constraints nullable="false" primaryKey="true" primaryKeyName="PK_MATRIZ"/>
            </column>
            <column name="obs" type="VARCHAR(255)"/>
            <column name="status" type="VARCHAR(150)" defaultValue="novata">
                <constraints nullable="false"/>
            </column>
        </createTable>
        <addAutoIncrement tableName="MATRIZ"
                          columnName="Id"
                          columnDataType="int"
                          incrementBy="1"
                          startWith="1"/>
    </changeSet>

    <changeSet id="3" author="hiziane">
        <preConditions onFail="MARK_RAN" onFailMessage="Já existe a tabela BEZERRO">
            <not>
                <tableExists tableName="BEZERRO"/>
            </not>
        </preConditions>
        <createTable tableName="BEZERRO">
            <column name="Id" type="int">
                <constraints nullable="false" primaryKey="true" primaryKeyName="PK_BEZERRO"/>
            </column>
            <column name="proprietario_id" type="int">
                <constraints nullable="false"  foreignKeyName="FK_BEZERRO-PROPRIETARIO"
                             referencedTableName="proprietario"
                             referencedColumnNames="id"/>
            </column>
            <column name="matriz_id" type="int">
                <constraints nullable="false"  foreignKeyName="FK_BEZERRO_MATRIZ"
                             referencedTableName="matriz"
                             referencedColumnNames="id"/>
            </column>
            <column name="registro" type="VARCHAR(255)"/>
            <column name="sexo" type="VARCHAR(255)">
                <constraints nullable="false"/>
            </column>
            <column name="status" type="VARCHAR(255)"/>
            <column name="adapar" type="VARCHAR(255)"/>
            <column name="valor" type="FLOAT" defaultValue="0"/>
            <column name="data_nasc" type="VARCHAR(255)"/>
            <column name="data_venda" type="VARCHAR(255)"/>

        </createTable>
        <addAutoIncrement tableName="BEZERRO"
                          columnName="Id"
                          columnDataType="int"
                          incrementBy="1"
                          startWith="1"/>
    </changeSet>

</databaseChangeLog>